feature,et_importance,et_rank,mi_score,mi_rank,consensus_rank
dttl,0.11902059430724085,1.0,0.3089457970733225,4.0,2.5
ct_state_ttl,0.0785228302580977,3.0,0.31680410087201705,3.0,3.0
sttl,0.11365180123677453,2.0,0.3082356465215461,5.0,3.5
sbytes,0.022258536781778485,14.0,0.39798656128641374,1.0,7.5
smean,0.02673868939157046,10.0,0.26899793696128005,6.0,8.0
rate,0.024097508104375352,11.0,0.24568664231316095,8.0,9.5
dmean,0.02231577703643894,13.0,0.26370701725171863,7.0,10.0
tcprtt,0.022423225876143787,12.0,0.23179374962815902,11.0,11.5
dload,0.03246314719475316,8.0,0.2075466968628843,16.0,12.0
ct_srv_dst,0.0381287994282046,5.0,0.09609418129197378,22.0,13.5
synack,0.018972652095783395,17.0,0.23219076467571753,10.0,13.5
sload,0.020627736047564578,15.0,0.21732843709213978,13.0,14.0
ackdat,0.019120325610411618,16.0,0.21697599513475874,14.0,15.0
state_CON,0.03894401110128984,4.0,0.057314673003692196,27.0,15.5
dur,0.015768429032129556,21.0,0.21962978596060978,12.0,16.5
ct_srv_src,0.030045520318007352,9.0,0.06657280942655941,25.0,17.0
dbytes,0.01018292406148559,32.0,0.3390156671504725,2.0,17.0
state_INT,0.03472730588081594,7.0,0.056768380100401306,28.0,17.5
sinpkt,0.016181660550490883,19.0,0.16936928321393863,17.0,18.0
ct_dst_src_ltm,0.03476711203837493,6.0,0.046223618008498724,30.0,18.0
dinpkt,0.011562811511752808,30.0,0.24316724531342437,9.0,19.5
ct_src_ltm,0.015776124593124788,20.0,0.057772571381380367,26.0,23.0
ct_dst_ltm,0.013936721862432307,23.0,0.07906377064635173,23.0,23.0
djit,0.011744664445223955,28.0,0.13668850807482147,19.0,23.5
sjit,0.01171881330922512,29.0,0.14377587006995518,18.0,23.5
dpkts,0.007877711687072252,35.0,0.2156437672071323,15.0,25.0
service_-,0.018514805374636824,18.0,0.0123906123360209,35.0,26.5
spkts,0.006438628550277348,38.0,0.11863840411170412,20.0,29.0
dloss,0.007042681079121119,37.0,0.11317869737410846,21.0,29.0
service_http,0.012058725176217804,26.0,0.019435344110628083,33.0,29.5
state_FIN,0.015373452622025309,22.0,0.00817864421040837,38.0,30.0
ct_src_dport_ltm,0.010090246381019907,33.0,0.0205984006925779,32.0,32.5
sloss,0.00568625455551447,41.0,0.07789369004447955,24.0,32.5
swin,0.013919527339115905,24.0,0.006849410103348719,42.0,33.0
ct_dst_sport_ltm,0.006096850488489364,40.0,0.045077754723462204,31.0,35.5
stcpb,0.01177001104464652,27.0,0.005853502329294935,46.0,36.5
dwin,0.0071542180991594215,36.0,0.008083409654805696,39.0,37.5
response_body_len,0.0022251318799990545,47.0,0.048481781779891486,29.0,38.0
proto_unas,0.004455586743102454,42.0,0.013632016317613793,34.0,38.0
proto_tcp,0.009391296847606248,34.0,0.006413856487462066,43.0,38.5
proto_arp,0.0024522355256534874,46.0,0.010981836543534351,36.0,41.0
trans_depth,0.0018591743634530122,49.0,0.01093730446311958,37.0,43.0
service_pop3,0.002899325916366559,45.0,0.007507065197992047,41.0,43.0
ct_flw_http_mthd,0.001507529512815015,52.0,0.006383631474700335,44.0,48.0
service_ftp-data,0.0019509072998135178,48.0,0.004649541790465284,56.0,52.0
service_dns,0.0063042300239997155,39.0,0.0035775851056867314,67.0,53.0
state_REQ,0.0029041908882675516,44.0,0.003649158303257405,66.0,55.0
ct_ftp_cmd,0.00034207775297066324,57.0,0.004813964973868989,54.0,55.5
dtcpb,0.011464418965168484,31.0,0.0029227140767302817,81.0,56.0
service_snmp,6.71102019178147e-05,65.0,0.005757075573467052,47.0,56.0
service_infrequent_sklearn,3.0940602792280045e-05,72.0,0.007996957904757629,40.0,56.0
service_smtp,0.00417788188577004,43.0,0.0031976767292209995,76.0,59.5
proto_infrequent_sklearn,4.8812179773706914e-05,67.0,0.004487632800940666,58.0,62.5
proto_igmp,0.0005600327654471102,56.0,0.003364656316207748,70.0,63.0
proto_udp,0.012952938819677056,25.0,0.0015846023135328569,103.0,64.0
service_ssh,0.001855648549727298,50.0,0.003089879230490311,78.0,64.0
proto_sctp,0.00105822129203734,55.0,0.003174599485120444,77.0,66.0
proto_rsvp,3.6260494010794716e-05,70.0,0.003823435724653601,63.0,66.5
proto_igp,6.8316180916778386e-06,87.0,0.005571502100462089,49.0,68.0
proto_i-nlsp,6.865144533311245e-06,86.0,0.005532574269860646,51.0,68.5
proto_pim,1.5097223439452146e-05,76.0,0.0036694222094091344,65.0,70.5
service_ftp,0.0013183780022020968,53.0,0.0022336063450305588,95.0,74.0
proto_any,5.020180846892904e-05,66.0,0.0029133874429452256,82.0,74.0
proto_vines,6.747587445047167e-06,89.0,0.004245171299787076,60.0,74.5
proto_swipe,8.809015995329572e-05,61.0,0.002102969260483478,98.0,79.5
proto_compaq-peer,5.059452064213224e-06,99.0,0.0039814398201381,62.0,80.5
proto_st2,9.5069415370347e-06,82.0,0.002544223379744359,86.0,84.0
proto_hmp,3.842978482314853e-06,113.0,0.004321431037870083,59.0,86.0
proto_ipv6-opts,4.071323469596685e-06,110.0,0.0037896882946100163,64.0,87.0
proto_xtp,3.376576690827052e-06,118.0,0.0045207781795273405,57.0,87.5
proto_sep,3.579827659747025e-05,71.0,0.0014235941558897736,105.0,88.0
service_dhcp,0.00010838765842148646,59.0,0.0006383497262008042,121.0,90.0
proto_trunk-1,2.873602625282206e-06,130.0,0.0051600725324050245,52.0,91.0
proto_leaf-1,4.731046194457334e-06,103.0,0.002965813880983381,80.0,91.5
proto_scps,3.8717566471806915e-06,112.0,0.003364174372787021,71.0,91.5
proto_ipv6,3.672597814638858e-05,69.0,0.0009141326434538577,115.0,92.0
proto_pgm,2.7153494081586596e-06,137.0,0.005713024047028004,48.0,92.5
proto_pup,4.199941295553338e-06,107.0,0.0030800900494807326,79.0,93.0
proto_wb-expak,5.139272888230528e-06,98.0,0.0025177643632707802,88.0,93.0
proto_iso-tp4,3.4324934943525775e-06,116.0,0.0032295172607001987,73.0,94.5
proto_ipcv,2.1336890624106716e-06,145.0,0.005996218343078841,45.0,95.0
service_irc,2.298934275398949e-05,74.0,0.000722425954980066,117.0,95.5
proto_nvp,2.8451330887046673e-06,135.0,0.004198105969312138,61.0,98.0
proto_ib,1.1161520908297003e-05,77.0,0.0004405323620988444,124.0,100.5
proto_il,5.144473932431385e-06,97.0,0.0010648950726026563,109.0,103.0
proto_cbt,1.1151159746996232e-05,78.0,0.00023958816655311743,128.0,103.0
proto_micp,2.853975673918214e-06,134.0,0.0032268491126210552,74.0,104.0
proto_chaos,6.805316261195568e-06,88.0,0.0006458390968986372,120.0,104.0
proto_egp,6.158985620537928e-06,90.0,0.000705442650476451,119.0,104.5
proto_larp,2.2383295924682525e-06,142.0,0.0033904815502878716,69.0,105.5
is_sm_ips_ports,0.0017379465810473044,51.0,0.0,161.0,106.0
proto_3pc,3.4975130303057624e-06,115.0,0.002131455699883711,97.0,106.0
proto_ospf,0.0011894886509544293,54.0,0.0,161.0,107.5
proto_wb-mon,4.082416299487174e-06,109.0,0.0012146937436672278,107.0,108.0
proto_argus,4.828224972234117e-06,102.0,0.000919627253526123,114.0,108.0
proto_ggp,1.5943472120601648e-06,163.0,0.005089375977687105,53.0,108.0
proto_snp,4.507293809085631e-06,104.0,0.0009381085744504247,113.0,108.5
proto_pvp,1.5983962881966704e-06,162.0,0.004719469933393006,55.0,108.5
proto_ipv6-frag,3.062462202642639e-06,126.0,0.0023246052782111004,92.0,109.0
proto_irtp,5.370572966470919e-06,96.0,0.0006228542753197175,122.0,109.0
is_ftp_login,0.00033486351688144045,58.0,0.0,161.0,109.5
proto_sps,1.4778760584501909e-06,169.0,0.005550387556310765,50.0,109.5
proto_nsfnet-igp,2.85730583183611e-06,133.0,0.002529637388090089,87.0,110.0
service_ssl,9.286039935901433e-05,60.0,0.0,161.0,110.5
proto_sun-nd,8.241549074056809e-05,62.0,0.0,161.0,111.5
proto_kryptolan,6.050024980006925e-06,93.0,0.0001961775166448021,130.0,111.5
proto_leaf-2,2.4004849238772074e-06,139.0,0.0026761908603849527,85.0,112.0
proto_rdp,2.3348782003881723e-06,141.0,0.002900100141634665,83.0,112.0
proto_wsn,4.4094107652072855e-06,106.0,0.0007172642023911546,118.0,112.0
proto_mobile,7.590094406647929e-05,63.0,0.0,161.0,112.0
state_RST,7.449451069284066e-05,64.0,0.0,161.0,112.5
proto_sdrp,2.9035417110927133e-06,129.0,0.002176824433181901,96.0,112.5
proto_sprite-rpc,2.6182549940018685e-06,138.0,0.0023341791967246284,90.0,114.0
state_infrequent_sklearn,4.338718880960998e-05,68.0,0.0,161.0,114.5
proto_gre,2.4720239609082494e-05,73.0,0.0,161.0,117.0
proto_mfe-nsp,1.5017068801241606e-06,167.0,0.003540463515740555,68.0,117.5
proto_ipv6-route,1.6300575914591793e-05,75.0,0.0,161.0,118.0
proto_visa,2.809500560746086e-06,136.0,0.0018856653258347844,100.0,118.0
proto_pri-enc,1.8832621423992919e-06,153.0,0.0027981660454512447,84.0,118.5
proto_iplt,1.5092005534672387e-06,166.0,0.0032461122407900778,72.0,119.0
proto_prm,3.1964507709076303e-06,122.0,0.0008560466424312185,116.0,119.0
proto_uti,9.849279525460922e-06,79.0,0.0,161.0,120.0
proto_br-sat-mon,9.712592643454588e-06,80.0,0.0,161.0,120.5
proto_bna,9.62158974275095e-06,81.0,0.0,161.0,121.0
proto_emcon,9.159426572488583e-06,83.0,0.0,161.0,122.0
proto_smp,9.156609325812537e-06,84.0,0.0,161.0,122.5
proto_aris,8.659375489410318e-06,85.0,0.0,161.0,123.0
proto_ippc,2.1521474021985707e-06,144.0,0.0015703771356392338,104.0,124.0
proto_aes-sp3-d,6.09830784878673e-06,91.0,0.0,161.0,126.0
proto_ip,6.0810356386817546e-06,92.0,0.0,161.0,126.5
proto_rvd,5.826569764451196e-06,94.0,0.0,161.0,127.5
proto_qnx,1.7870617565825037e-06,154.0,0.001696164317919635,102.0,128.0
proto_mux,5.466562786150326e-06,95.0,0.0,161.0,128.0
proto_pipe,2.080273583114466e-06,148.0,0.0009824527923241178,111.0,129.5
proto_skip,1.648957260049155e-06,160.0,0.0018215998044952553,101.0,130.5
proto_ipcomp,4.88898483475596e-06,100.0,0.0,161.0,130.5
proto_ipip,4.875090966144504e-06,101.0,0.0,161.0,131.0
proto_ifmp,5.466616918127719e-07,190.0,0.0032143236206836345,75.0,132.5
proto_pnni,1.2003039389128794e-06,173.0,0.0023193636496474657,93.0,133.0
proto_ddp,4.506912820117702e-06,105.0,0.0,161.0,133.0
proto_trunk-2,1.7342234710482853e-06,156.0,0.0009683863268836745,112.0,134.0
proto_fire,4.199183555731745e-06,108.0,0.0,161.0,134.5
proto_sat-expak,1.0698991118458003e-06,176.0,0.002279257633559517,94.0,135.0
proto_eigrp,9.94172274763464e-07,181.0,0.002327783068822642,91.0,136.0
proto_encap,3.947814491160621e-06,111.0,0.0,161.0,136.0
proto_sat-mon,2.2142695724670674e-06,143.0,0.0001600000985322314,131.0,137.0
proto_cpnx,1.9571350341690874e-06,149.0,0.0003936305830065656,125.0,137.0
proto_bbn-rcc,3.5660243147926493e-06,114.0,0.0,161.0,137.5
proto_iatp,6.44677291932292e-07,187.0,0.002350004282801077,89.0,138.0
proto_xnet,3.413037898584364e-06,117.0,0.0,161.0,139.0
proto_tp++,3.2957049764168e-06,119.0,0.0,161.0,140.0
proto_tlsp,1.7122829072702849e-06,157.0,0.00045953638583173806,123.0,140.0
proto_mhrp,1.279254518336619e-06,171.0,0.000989671977937201,110.0,140.5
proto_vmtp,3.2576040376908995e-06,120.0,0.0,161.0,140.5
proto_idrp,3.257218277900464e-06,121.0,0.0,161.0,141.0
proto_idpr,3.170148206180033e-06,123.0,0.0,161.0,142.0
proto_l2tp,7.743249683820133e-07,185.0,0.0020283077072962286,99.0,142.0
proto_ax.25,3.105453430906537e-06,124.0,0.0,161.0,142.5
proto_etherip,3.092396034197883e-06,125.0,0.0,161.0,143.0
proto_idpr-cmtp,2.995404962344156e-06,127.0,0.0,161.0,144.0
proto_srp,9.950312353730624e-07,180.0,0.0010654881295930618,108.0,144.0
proto_ipnip,2.9789947108037193e-06,128.0,0.0,161.0,144.5
proto_merit-inp,2.870658834961596e-06,131.0,0.0,161.0,146.0
proto_ddx,2.8637318705578423e-06,132.0,0.0,161.0,146.5
proto_sccopmce,5.53527637348086e-07,189.0,0.0013231292138125017,106.0,147.5
proto_isis,1.3255286619484854e-06,170.0,0.00021392326142621876,129.0,149.5
proto_fc,2.386064631258232e-06,140.0,0.0,161.0,150.5
proto_vrrp,2.117060354690884e-06,146.0,0.0,161.0,153.5
proto_netblt,2.092253436097021e-06,147.0,0.0,161.0,154.0
proto_tcf,8.279230790440534e-07,184.0,0.0003681357136340324,126.0,155.0
proto_cphb,1.9433553506844627e-06,150.0,0.0,161.0,155.5
proto_cftp,1.9430614382244656e-06,151.0,0.0,161.0,156.0
proto_secure-vmtp,1.915513299158773e-06,152.0,0.0,161.0,156.5
proto_ttp,6.243860375512752e-07,188.0,0.00024814683426099826,127.0,157.5
proto_a/n,1.7852569150419823e-06,155.0,0.0,161.0,158.0
proto_sm,1.6935372215559143e-06,158.0,0.0,161.0,159.5
proto_dcn,1.6761465406720632e-06,159.0,0.0,161.0,160.0
proto_narp,1.6423025597446118e-06,161.0,0.0,161.0,161.0
proto_ipv6-no,1.593000487438819e-06,164.0,0.0,161.0,162.5
proto_iso-ip,1.5928018030477804e-06,165.0,0.0,161.0,163.0
proto_ipx-n-ip,1.4832706061473428e-06,168.0,0.0,161.0,164.5
proto_mtp,1.2783437429604214e-06,172.0,0.0,161.0,166.5
proto_xns-idp,1.1537565060644724e-06,174.0,0.0,161.0,167.5
proto_crtp,1.0885197026576662e-06,175.0,0.0,161.0,168.0
proto_gmtp,1.0648777866570262e-06,177.0,0.0,161.0,169.0
proto_ptp,1.0271497665150174e-06,178.0,0.0,161.0,169.5
proto_crudp,9.988670179222029e-07,179.0,0.0,161.0,170.0
proto_dgp,8.892156543788523e-07,182.0,0.0,161.0,171.5
proto_stp,8.648479845138565e-07,183.0,0.0,161.0,172.0
proto_zero,6.487190781685263e-07,186.0,0.0,161.0,173.5
